use UniDlox

insert into MsCustomer values
	('CU001','Francis Alexander','08119000090','Surabaya Timur','Male','francis.alex@gmail.com','2001-07-22'),
	('CU002','Leonard Zonaphan','08129854389','Jakarta Barat','Male','leonard.zonaphan@yahoo.com','2002-06-21'),
	('CU003','Karin Northus','081384358342','Semarang Barat','Female','karin.northus@yahoo.com','2001-05-08'),
	('CU004','Andrew Jerico','081298345734','Makasar Utara','Male','andrew.jerico@gmail.com','2002-04-03'),
	('CU005','Vanessa Zonaphan','081673905631','Malang Barat','Female','vanessa.zonaphan@yahoo.com','2001-03-18'),
	('CU006','Ariana Grande','081289245373','Magelang Barat','Female','ariana.grande@yahoo.com','2002-02-17'),
	('CU007','Edwin Ario','081256894385','Solo Barat','Male','edwin.ario@gmail.com','2002-01-01'),
	('CU008','Victoria Justice','088278345734','Aceh Timur','Female','victoria.justice@gmail.com','2001-08-09'),
	('CU009','Kevin Budiono','081354839862','Purwokerta','Male','kevin.budiono@yahoo.com','2001-09-19'),
	('CU010','Aurelia Northus','081743250987','Jakarta Pusat','Female','aurelia.northus@yahoo.com','2002-12-22'),
	('CU011','Chris Hemsworth','081184357349','Denpasar Barat','Male','chris.hemsworth@gmail.com','2002-04-12'),
	('CU012','Kevin Sanjaya','081484358343','Bandung Utara','Male','kevin.sanjaya@gmail.com','2002-10-20')

insert into MsStaff values
	('SF001', 'Ricky Wijaya', '08761123453', 'Jalan Anggrek', 20, 'Male', 5000000),
	('SF002', 'Michelle Angeline', '08568512479', 'Jalan Melati', 22, 'Female', 6000000),
	('SF003', 'Michael Tristan', '08561122321', 'Jalan Bunga', 21, 'Male', 5000000),
	('SF004', 'Cynthia Gabrielle', '085688990271', 'Jalan Mawar', 19, 'Female', 5500000),
	('SF005', 'Monica Angelina', '08123456965', 'Jalan Tulip', 25, 'Female', 7000000),
	('SF006', 'Justin Bieber', '08249258072', 'Jalan Teratai', 27, 'Male', 6550000),
	('SF007', 'Drake', '08789087234', 'Jalan Rapper', 30, 'Male', 7500000),
	('SF008', 'Selena Gomez', '087213454455', 'Jalan Sepatu', 23, 'Female', 7000000),
	('SF009', 'Taylor Swift', '082376093245', 'Jalan Hutan', 29, 'Female', 5550000),
	('SF010', 'Cantika', '082135676511', 'Jalan Cantik', 31, 'Female', 6000000),
	('SF011', 'Owen Leonardy', '082189435435', 'Jalan Semeru', 31, 'Male', 8000000),
	('SF012', 'Febriani', '081197843578', 'Jalan Kembangan', 31, 'Female', 8000000)

insert into MsMaterial values
	('MA001', 'Kain Sutra', 200000,150),
	('MA002', 'Kain Batik', 75000,200),
	('MA003', 'Kain Satin', 80000,100),
	('MA004', 'Kain Sifon', 100000,90),
	('MA005', 'Kapas', 50000,220),
	('MA006', 'Kulit', 250000,160),
	('MA007', 'Kain Katun', 60000,70),
	('MA008', 'Kain Linen', 150000,120),
	('MA009', 'Denim', 180000,110),
	('MA010', 'Kain Canvas', 100000,170),
	('MA011', 'Kain Polyster', 50000,200),
	('MA012', 'Kain Drill', 30000,150)

insert into MsSupplier values
	('SU001', 'Andersan', '08721342847', 'Jalan Kembang'),
	('SU002', 'Jefferson', '08921259561', 'Jalan Budut'),
	('SU003', 'Satrio Rai', '085612315632', 'Jalan Bunga'),
	('SU004', 'Manesatrio', '082454789264', 'Jalan Tembaga'),
	('SU005', 'Trimutri', '087364520192', 'Jalan Merpati'),
	('SU006', 'Abdiwijaya', '085637479201', 'Jalan Bekasi'),
	('SU007', 'Mathew Tanuwijaya', '08430182342', 'Jalan Kartini'),
	('SU008', 'Matroji', '085472381923', 'Jalan Merdeka'),
	('SU009', 'Ririn Putri', '08721342847', 'Jalan Sukabumi'),
	('SU010', 'Jason Ario', '08829832485', 'Jalan Kenari'),
	('SU011', 'Febrian', '0811843533', 'Jalan Menteng'),
	('SU012', 'Ryanto Wijaya', '08173257959', 'Jalan Agung')

insert into MsCloth values
	('CL001', 'Kaos Pendek', 200, 75000),
	('CL002', 'Kemeja', 175, 100000),
	('CL003', 'Gaun Pesta', 50, 500000),
	('CL004', 'Gaun Santai', 80, 250000),
	('CL005', 'Jas Pesta', 100, 600000),
	('CL006', 'Jumpsuit', 150, 200000),
	('CL007', 'Kaos Panjang', 180, 90000),
	('CL008', 'Sweater', 120, 200000),
	('CL009', 'Hoodie', 145, 300000),
	('CL010', 'Jaket jeans', 70, 700000),
	('CL011', 'Celana jeans', 100, 400000),
	('CL012', 'Cardigan', 120, 200000)

insert into MsPayment values
	('PA001','DANA'),
	('PA002','OVO Cash'),
	('PA003','Go-Pay'),
	('PA004','Shopee-Pay'),
	('PA005','Cash'),
	('PA006','Debit Card'),
	('PA007','Credit Card'),
	('PA008','Cryptocurrency'),
	('PA009','Flazz'),
	('PA010','Cash')

insert into Sales values
	('SA001','SF001','CU011','2021-01-12'),
	('SA002','SF004','CU002','2021-02-14'),
	('SA003','SF003','CU004','2021-03-10'),
	('SA004','SF012','CU008','2021-03-14'),
	('SA005','SF011','CU010','2021-04-07'),
	('SA006','SF006','CU007','2021-05-19'),
	('SA007','SF003','CU003','2021-06-15'),
	('SA008','SF004','CU012','2021-06-16'),
	('SA009','SF007','CU006','2021-07-25'),
	('SA010','SF008','CU005','2021-08-02'),
	('SA011','SF002','CU002','2021-09-07'),
	('SA012','SF005','CU006','2021-10-15'),
	('SA013','SF008','CU001','2021-11-04'),
	('SA014','SF010','CU001','2021-11-08'),
	('SA015','SF009','CU009','2021-12-12')

insert into SalesDetail values
	('SA001','CL001','PA001',7),
	('SA001','CL004','PA001',10),
	('SA002','CL008','PA009',11),
	('SA002','CL012','PA009',2),
	('SA003','CL010','PA007',10),
	('SA003','CL011','PA007',14),
	('SA004','CL010','PA002',12),
	('SA005','CL003','PA003',6),
	('SA005','CL006','PA003',17),
	('SA006','CL008','PA002',9),
	('SA007','CL009','PA006',4),
	('SA007','CL007','PA006',4),
	('SA008','CL004','PA004',12),
	('SA008','CL009','PA004',14),
	('SA009','CL002','PA005',8),
	('SA009','CL005','PA005',18),
	('SA010','CL004','PA006',19),
	('SA010','CL005','PA006',5),
	('SA011','CL003','PA007',3),
	('SA011','CL006','PA007',15),
	('SA012','CL002','PA008',2),
	('SA013','CL001','PA010',4),
	('SA013','CL007','PA010',16),
	('SA014','CL012','PA005',1),
	('SA015','CL011','PA006',7)

insert into Purchase values
	('PU001','SF012','SU006','2021-01-07'),
	('PU002','SF003','SU008','2021-02-08'),
	('PU003','SF012','SU002','2021-03-27'),
	('PU004','SF011','SU004','2021-03-30'),
	('PU005','SF012','SU001','2021-04-08'),
	('PU006','SF005','SU012','2021-04-28'),
	('PU007','SF008','SU009','2021-05-03'),
	('PU008','SF002','SU005','2021-06-03'),
	('PU009','SF003','SU002','2021-07-19'),
	('PU010','SF002','SU010','2021-08-30'),
	('PU011','SF011','SU005','2021-09-22'),
	('PU012','SF011','SU006','2021-10-14'),
	('PU013','SF012','SU006','2021-11-10'),
	('PU014','SF006','SU003','2021-11-08'),
	('PU015','SF009','SU007','2021-12-30')

insert into PurchaseDetail values
	('PU001','MA003','PA009',5),
	('PU002','MA007','PA001',3),
	('PU002','MA012','PA001',5),
	('PU003','MA001','PA003',3),
	('PU003','MA010','PA003',3),
	('PU004','MA001','PA006',2),
	('PU004','MA004','PA006',2),
	('PU005','MA003','PA007',5),
	('PU005','MA005','PA007',4),
	('PU006','MA007','PA009',1),
	('PU007','MA002','PA002',1),
	('PU007','MA009','PA002',4),
	('PU008','MA007','PA006',2),
	('PU009','MA001','PA009',1),
	('PU009','MA006','PA009',1),
	('PU010','MA002','PA001',4),
	('PU010','MA006','PA001',5),
	('PU011','MA011','PA002',2),
	('PU012','MA002','PA004',5),
	('PU013','MA001','PA010',1),
	('PU013','MA004','PA010',5),
	('PU014','MA007','PA006',1),
	('PU014','MA008','PA006',4),
	('PU015','MA003','PA008',2),
	('PU015','MA008','PA008',4)